{
  "mode": "dense",
  "args": {
    "mode": "dense",
    "dense_model": "BAAI/bge-small-en-v1.5",
    "reranker_model": "cross-encoder/ms-marco-MiniLM-L-6-v2",
    "top_k": 10,
    "rerank_top_n": 50,
    "alpha": 0.6,
    "limit_queries": 0,
    "output_dir": "eval/results"
  },
  "metrics": {
    "hit@1": 0.6033333333333334,
    "precision@1": 0.6033333333333334,
    "recall@1": 0.5787222222222222,
    "mrr@1": 0.6033333333333334,
    "ndcg@1": 0.6033333333333334,
    "hit@3": 0.7266666666666667,
    "precision@3": 0.2577777777777778,
    "recall@3": 0.7097777777777778,
    "mrr@3": 0.6616666666666666,
    "ndcg@3": 0.6701962418952974,
    "hit@5": 0.7833333333333333,
    "precision@5": 0.17,
    "recall@5": 0.7652777777777778,
    "mrr@5": 0.6743333333333333,
    "ndcg@5": 0.6922095549950289,
    "hit@10": 0.8566666666666667,
    "precision@10": 0.09533333333333331,
    "recall@10": 0.8452222222222222,
    "mrr@10": 0.6844708994708995,
    "ndcg@10": 0.7200042547439368,
    "num_queries": 300.0
  }
}