{
  "mode": "project_engineered_rag",
  "args": {
    "top_k": 10,
    "paper_k": 50,
    "chunk_k": 20,
    "limit_queries": 0,
    "chunk_db_dir": "C:\\Users\\22168\\Desktop\\Working\\paper-rag-assistant\\eval\\scifact_project_index\\chunk_db",
    "catalog_db_dir": "C:\\Users\\22168\\Desktop\\Working\\paper-rag-assistant\\eval\\scifact_project_index\\paper_catalog_db",
    "output_dir": "C:\\Users\\22168\\Desktop\\Working\\paper-rag-assistant\\eval\\results"
  },
  "metrics": {
    "hit@1": 0.58,
    "precision@1": 0.58,
    "recall@1": 0.5552777777777778,
    "mrr@1": 0.58,
    "ndcg@1": 0.58,
    "hit@3": 0.71,
    "precision@3": 0.24777777777777776,
    "recall@3": 0.6847777777777778,
    "mrr@3": 0.6405555555555557,
    "ndcg@3": 0.6441408691641499,
    "hit@5": 0.7666666666666667,
    "precision@5": 0.16599999999999998,
    "recall@5": 0.75,
    "mrr@5": 0.6543888888888889,
    "ndcg@5": 0.671561963577612,
    "hit@10": 0.83,
    "precision@10": 0.09133333333333332,
    "recall@10": 0.8145555555555555,
    "mrr@10": 0.662452380952381,
    "ndcg@10": 0.6932128078432687,
    "num_queries": 300.0
  }
}