{
  "mode": "bm25",
  "args": {
    "mode": "bm25",
    "dense_model": "BAAI/bge-small-en-v1.5",
    "reranker_model": "cross-encoder/ms-marco-MiniLM-L-6-v2",
    "top_k": 10,
    "rerank_top_n": 50,
    "alpha": 0.6,
    "limit_queries": 0,
    "output_dir": "eval/results"
  },
  "metrics": {
    "hit@1": 0.5233333333333333,
    "precision@1": 0.5233333333333333,
    "recall@1": 0.5075,
    "mrr@1": 0.5233333333333333,
    "ndcg@1": 0.5233333333333333,
    "hit@3": 0.6933333333333334,
    "precision@3": 0.23777777777777775,
    "recall@3": 0.6733333333333333,
    "mrr@3": 0.5988888888888888,
    "ndcg@3": 0.6121374942650113,
    "hit@5": 0.7533333333333333,
    "precision@5": 0.15733333333333333,
    "recall@5": 0.7267777777777777,
    "mrr@5": 0.6125555555555555,
    "ndcg@5": 0.6352417227117545,
    "hit@10": 0.7966666666666666,
    "precision@10": 0.08533333333333333,
    "recall@10": 0.7756666666666666,
    "mrr@10": 0.6183650793650793,
    "ndcg@10": 0.6522849449944166,
    "num_queries": 300.0
  }
}